$,$,$
FC Carmine,7561,6
FC Carmine,7523,3
FC Carmine,7472,11
FC Carmine,7456,1
FC Carmine,7238,3
FC Carmine,7235,3
FC Carmine,7126,19
FC Carmine,6680,6
FC Carmine,6638,2
FC Carmine,6252,3
FC Carmine,5951,26
FC Carmine,5620,9
FC Carmine,5585,34
FC Carmine,5457,2
FC Carmine,5116,17
FC Carmine,5022,13
FC Carmine,4896,5
FC Carmine,4159,16
FC Carmine,2848,7
FC Carmine,2814,2
FC Carmine,2788,17
FC Carmine,2764,35
FC Carmine,2194,27
FC Carmine,1926,1
FC Carmine,254,32
$,$,$
FC Santo Stefano,7294,6
FC Santo Stefano,7268,6
FC Santo Stefano,7126,21
FC Santo Stefano,7001,3
FC Santo Stefano,6985,3
FC Santo Stefano,6981,1
FC Santo Stefano,6821,3
FC Santo Stefano,6813,1
FC Santo Stefano,6677,11
FC Santo Stefano,6669,8
FC Santo Stefano,6485,7
FC Santo Stefano,6191,1
FC Santo Stefano,6052,28
FC Santo Stefano,5877,10
FC Santo Stefano,5585,34
FC Santo Stefano,4911,4
FC Santo Stefano,4312,15
FC Santo Stefano,4199,4
FC Santo Stefano,2848,7
FC Santo Stefano,2815,1
FC Santo Stefano,2788,17
FC Santo Stefano,2764,36
FC Santo Stefano,2517,15
FC Santo Stefano,2194,27
FC Santo Stefano,254,32
$,$,$
Spera Ebbasta,7625,11
Spera Ebbasta,7535,4
Spera Ebbasta,7523,3
Spera Ebbasta,7485,6
Spera Ebbasta,7436,12
Spera Ebbasta,7342,3
Spera Ebbasta,7126,19
Spera Ebbasta,6956,13
Spera Ebbasta,6895,3
Spera Ebbasta,6660,6
Spera Ebbasta,6403,1
Spera Ebbasta,6397,27
Spera Ebbasta,6215,3
Spera Ebbasta,5641,9
Spera Ebbasta,5620,9
Spera Ebbasta,5585,37
Spera Ebbasta,5507,5
Spera Ebbasta,4998,18
Spera Ebbasta,4433,6
Spera Ebbasta,2848,7
Spera Ebbasta,2814,2
Spera Ebbasta,2788,15
Spera Ebbasta,2764,36
Spera Ebbasta,2521,13
Spera Ebbasta,2423,25
$,$,$
Banana83 ,7212,6
Banana83 ,6660,6
Banana83 ,6503,3
Banana83 ,6495,6
Banana83 ,6434,23
Banana83 ,6403,1
Banana83 ,6397,27
Banana83 ,5885,10
Banana83 ,5882,5
Banana83 ,5823,11
Banana83 ,5800,13
Banana83 ,5641,9
Banana83 ,5589,10
Banana83 ,5585,34
Banana83 ,5559,18
Banana83 ,4994,8
Banana83 ,4923,11
Banana83 ,2848,12
Banana83 ,2764,35
Banana83 ,2521,13
Banana83 ,2263,2
Banana83 ,2194,27
Banana83 ,526,2
Banana83 ,418,1
Banana83 ,158,1
$,$,$
Longobarda united,7561,1
Longobarda united,7181,17
Longobarda united,7165,1
Longobarda united,7156,1
Longobarda united,7126,19
Longobarda united,6884,14
Longobarda united,5995,15
Longobarda united,5831,4
Longobarda united,5687,14
Longobarda united,5585,34
Longobarda united,5116,17
Longobarda united,4994,8
Longobarda united,4896,5
Longobarda united,4777,28
Longobarda united,4433,6
Longobarda united,2848,7
Longobarda united,2816,12
Longobarda united,2814,2
Longobarda united,2764,35
Longobarda united,2379,24
Longobarda united,2061,15
Longobarda united,1926,1
Longobarda united,554,8
Longobarda united,252,2
Longobarda united,184,9
$,$,$
San Marino,7485,6
San Marino,7484,12
San Marino,7436,12
San Marino,7131,3
San Marino,7120,4
San Marino,7078,12
San Marino,7036,8
San Marino,6966,16
San Marino,6884,12
San Marino,6766,5
San Marino,6677,5
San Marino,6495,6
San Marino,6344,8
San Marino,5951,26
San Marino,5761,6
San Marino,5585,34
San Marino,5365,8
San Marino,4911,4
San Marino,4856,10
San Marino,4657,8
San Marino,4409,14
San Marino,2832,6
San Marino,2809,1
San Marino,2764,36
San Marino,254,32
$,$,$
A.C. Marchigiana,7181,17
A.C. Marchigiana,6981,1
A.C. Marchigiana,6967,14
A.C. Marchigiana,6844,9
A.C. Marchigiana,6821,3
A.C. Marchigiana,6677,5
A.C. Marchigiana,6660,6
A.C. Marchigiana,6410,1
A.C. Marchigiana,6372,12
A.C. Marchigiana,6204,4
A.C. Marchigiana,6191,1
A.C. Marchigiana,6039,1
A.C. Marchigiana,6010,7
A.C. Marchigiana,5841,19
A.C. Marchigiana,5620,9
A.C. Marchigiana,5585,34
A.C. Marchigiana,4734,8
A.C. Marchigiana,4409,14
A.C. Marchigiana,2814,2
A.C. Marchigiana,2764,36
A.C. Marchigiana,2194,27
A.C. Marchigiana,632,18
A.C. Marchigiana,610,1
A.C. Marchigiana,309,14
A.C. Marchigiana,254,32
$,$,$
TenenteRagno,7627,1
TenenteRagno,7561,1
TenenteRagno,7481,1
TenenteRagno,7181,17
TenenteRagno,7017,22
TenenteRagno,6869,10
TenenteRagno,6844,9
TenenteRagno,6821,3
TenenteRagno,6809,1
TenenteRagno,6638,2
TenenteRagno,6503,3
TenenteRagno,6294,8
TenenteRagno,6217,11
TenenteRagno,5687,14
TenenteRagno,5585,34
TenenteRagno,5116,17
TenenteRagno,4433,6
TenenteRagno,2848,12
TenenteRagno,2814,2
TenenteRagno,2764,35
TenenteRagno,2517,15
TenenteRagno,2194,27
TenenteRagno,2097,25
TenenteRagno,1926,1
TenenteRagno,254,32
$,$,$
Hertha Vernello VII - La maturazione,7523,3
Hertha Vernello VII - La maturazione,7472,7
Hertha Vernello VII - La maturazione,7235,3
Hertha Vernello VII - La maturazione,7219,6
Hertha Vernello VII - La maturazione,7161,2
Hertha Vernello VII - La maturazione,7012,5
Hertha Vernello VII - La maturazione,6677,5
Hertha Vernello VII - La maturazione,6662,4
Hertha Vernello VII - La maturazione,6638,2
Hertha Vernello VII - La maturazione,6592,1
Hertha Vernello VII - La maturazione,6274,11
Hertha Vernello VII - La maturazione,6204,4
Hertha Vernello VII - La maturazione,5951,26
Hertha Vernello VII - La maturazione,5750,11
Hertha Vernello VII - La maturazione,5687,14
Hertha Vernello VII - La maturazione,5585,34
Hertha Vernello VII - La maturazione,5559,18
Hertha Vernello VII - La maturazione,5365,8
Hertha Vernello VII - La maturazione,5119,14
Hertha Vernello VII - La maturazione,4734,8
Hertha Vernello VII - La maturazione,4431,16
Hertha Vernello VII - La maturazione,2764,35
Hertha Vernello VII - La maturazione,2167,26
Hertha Vernello VII - La maturazione,254,32
Hertha Vernello VII - La maturazione,4,1
$,$,$
sam PDOR,7575,1
sam PDOR,7561,1
sam PDOR,7535,4
sam PDOR,7413,2
sam PDOR,7131,3
sam PDOR,7126,21
sam PDOR,7071,18
sam PDOR,6813,1
sam PDOR,6638,2
sam PDOR,6531,8
sam PDOR,6246,2
sam PDOR,6215,3
sam PDOR,6039,1
sam PDOR,5951,26
sam PDOR,5641,9
sam PDOR,5585,34
sam PDOR,4911,4
sam PDOR,4312,15
sam PDOR,4179,13
sam PDOR,2848,12
sam PDOR,2815,1
sam PDOR,2764,35
sam PDOR,2194,27
sam PDOR,2120,14
sam PDOR,254,32
$,$,$
Squarta Praga,7627,1
Squarta Praga,7575,1
Squarta Praga,7294,6
Squarta Praga,7268,3
Squarta Praga,7181,18
Squarta Praga,6903,2
Squarta Praga,6884,12
Squarta Praga,6875,30
Squarta Praga,6813,1
Squarta Praga,6397,27
Squarta Praga,6039,1
Squarta Praga,5585,37
Squarta Praga,5307,4
Squarta Praga,5007,1
Squarta Praga,4896,5
Squarta Praga,4359,9
Squarta Praga,4312,15
Squarta Praga,4263,4
Squarta Praga,4179,13
Squarta Praga,2848,12
Squarta Praga,2815,1
Squarta Praga,2788,15
Squarta Praga,2764,35
Squarta Praga,2194,27
Squarta Praga,2120,14
$,$,$
Amala fc,7523,10
Amala fc,7181,17
Amala fc,7131,3
Amala fc,7078,12
Amala fc,7017,20
Amala fc,7012,3
Amala fc,6989,7
Amala fc,6875,30
Amala fc,6638,2
Amala fc,6592,1
Amala fc,6503,3
Amala fc,6215,3
Amala fc,5982,12
Amala fc,5585,37
Amala fc,4896,5
Amala fc,4199,4
Amala fc,2848,12
Amala fc,2816,12
Amala fc,2814,2
Amala fc,2764,35
Amala fc,2170,5
Amala fc,2167,26
Amala fc,2120,14
Amala fc,1870,17
Amala fc,572,11
$,$,$
SenzaNome,7573,5
SenzaNome,7535,6
SenzaNome,7181,17
SenzaNome,6884,12
SenzaNome,6831,6
SenzaNome,6822,2
SenzaNome,6809,1
SenzaNome,6727,8
SenzaNome,6677,5
SenzaNome,6592,1
SenzaNome,6397,27
SenzaNome,6372,15
SenzaNome,6039,1
SenzaNome,5585,37
SenzaNome,5119,12
SenzaNome,4976,13
SenzaNome,4896,5
SenzaNome,4263,4
SenzaNome,2848,7
SenzaNome,2845,1
SenzaNome,2764,35
SenzaNome,2194,27
SenzaNome,2170,5
SenzaNome,572,11
SenzaNome,254,32
$,$,$
G.s.11,7572,5
G.s.11,7556,20
G.s.11,7181,18
G.s.11,7126,21
G.s.11,7078,12
G.s.11,6981,1
G.s.11,6410,1
G.s.11,6217,11
G.s.11,6212,1
G.s.11,6191,1
G.s.11,6189,1
G.s.11,6042,8
G.s.11,5585,34
G.s.11,5436,12
G.s.11,4976,13
G.s.11,4923,11
G.s.11,4887,6
G.s.11,4871,31
G.s.11,4856,6
G.s.11,4409,14
G.s.11,2845,1
G.s.11,2816,12
G.s.11,2764,36
G.s.11,2170,5
G.s.11,572,11
$,$,$
all in - quae intus,7436,12
all in - quae intus,7120,4
all in - quae intus,7078,12
all in - quae intus,7071,18
all in - quae intus,7070,8
all in - quae intus,7017,22
all in - quae intus,6892,2
all in - quae intus,6884,12
all in - quae intus,6831,6
all in - quae intus,6813,1
all in - quae intus,6572,14
all in - quae intus,6531,8
all in - quae intus,6042,8
all in - quae intus,5877,7
all in - quae intus,5833,12
all in - quae intus,5585,34
all in - quae intus,5520,9
all in - quae intus,4911,4
all in - quae intus,4312,15
all in - quae intus,2848,12
all in - quae intus,2816,12
all in - quae intus,2815,1
all in - quae intus,2788,15
all in - quae intus,2194,27
all in - quae intus,632,16
$,$,$
Zanzibar,7561,1
Zanzibar,7523,10
Zanzibar,7472,7
Zanzibar,7238,3
Zanzibar,7212,6
Zanzibar,7078,14
Zanzibar,6925,2
Zanzibar,6875,30
Zanzibar,6397,27
Zanzibar,6372,12
Zanzibar,6252,3
Zanzibar,6238,5
Zanzibar,6191,5
Zanzibar,5641,9
Zanzibar,5585,34
Zanzibar,5526,10
Zanzibar,4994,8
Zanzibar,4896,5
Zanzibar,2848,12
Zanzibar,2845,1
Zanzibar,2764,35
Zanzibar,2517,15
Zanzibar,2170,5
Zanzibar,572,11
Zanzibar,254,29
$,$,$
FC TORETTO,7622,1
FC TORETTO,7535,4
FC TORETTO,7472,11
FC TORETTO,7238,3
FC TORETTO,7161,1
FC TORETTO,7078,12
FC TORETTO,6956,13
FC TORETTO,6618,6
FC TORETTO,6410,1
FC TORETTO,6397,27
FC TORETTO,6252,3
FC TORETTO,6039,1
FC TORETTO,5982,10
FC TORETTO,5641,9
FC TORETTO,5620,9
FC TORETTO,5585,34
FC TORETTO,5116,17
FC TORETTO,4409,14
FC TORETTO,2814,2
FC TORETTO,2766,18
FC TORETTO,2764,35
FC TORETTO,2194,27
FC TORETTO,2061,13
FC TORETTO,1926,1
FC TORETTO,254,32
$,$,$
Sgherza s  Fc,7647,2
Sgherza s  Fc,7268,3
Sgherza s  Fc,7078,14
Sgherza s  Fc,6981,1
Sgherza s  Fc,6892,2
Sgherza s  Fc,6875,30
Sgherza s  Fc,6809,1
Sgherza s  Fc,6397,27
Sgherza s  Fc,6212,1
Sgherza s  Fc,6039,1
Sgherza s  Fc,5982,10
Sgherza s  Fc,5872,2
Sgherza s  Fc,5585,34
Sgherza s  Fc,4998,18
Sgherza s  Fc,4994,8
Sgherza s  Fc,4896,5
Sgherza s  Fc,4777,28
Sgherza s  Fc,2848,7
Sgherza s  Fc,2764,35
Sgherza s  Fc,2170,5
Sgherza s  Fc,572,11
Sgherza s  Fc,536,10
Sgherza s  Fc,283,1
Sgherza s  Fc,254,32
Sgherza s  Fc,152,10
$,$,$
AG13 FC,7627,1
AG13 FC,7561,1
AG13 FC,7301,1
AG13 FC,7238,3
AG13 FC,7126,19
AG13 FC,7078,12
AG13 FC,6966,16
AG13 FC,6925,2
AG13 FC,6638,2
AG13 FC,6397,27
AG13 FC,6190,5
AG13 FC,6039,1
AG13 FC,5951,23
AG13 FC,5850,1
AG13 FC,5641,9
AG13 FC,5585,34
AG13 FC,5007,1
AG13 FC,4998,18
AG13 FC,4705,8
AG13 FC,4409,14
AG13 FC,4179,13
AG13 FC,2848,12
AG13 FC,2764,35
AG13 FC,2194,27
AG13 FC,2170,7
$,$,$
REVOLUTION,7319,1
REVOLUTION,7268,3
REVOLUTION,6981,1
REVOLUTION,6898,5
REVOLUTION,6875,29
REVOLUTION,6215,3
REVOLUTION,6212,1
REVOLUTION,6189,1
REVOLUTION,6039,1
REVOLUTION,5982,12
REVOLUTION,5620,9
REVOLUTION,5585,34
REVOLUTION,5307,4
REVOLUTION,5116,17
REVOLUTION,4923,11
REVOLUTION,4887,5
REVOLUTION,4871,31
REVOLUTION,4179,13
REVOLUTION,2816,12
REVOLUTION,2814,2
REVOLUTION,2764,35
REVOLUTION,2423,25
REVOLUTION,2167,26
REVOLUTION,1926,1
REVOLUTION,152,13
$,$,$
VeroMat29,7627,1
VeroMat29,7219,6
VeroMat29,7182,1
VeroMat29,7161,1
VeroMat29,7126,21
VeroMat29,7078,14
VeroMat29,6956,13
VeroMat29,6531,8
VeroMat29,6410,1
VeroMat29,6397,27
VeroMat29,6372,12
VeroMat29,6212,1
VeroMat29,6039,1
VeroMat29,5951,23
VeroMat29,5750,11
VeroMat29,5585,34
VeroMat29,5320,1
VeroMat29,4998,18
VeroMat29,4263,3
VeroMat29,2764,35
VeroMat29,2194,27
VeroMat29,2170,5
VeroMat29,572,11
VeroMat29,536,11
VeroMat29,184,12
$,$,$
DG Team,7485,10
DG Team,7472,7
DG Team,7238,3
DG Team,7131,3
DG Team,7048,1
DG Team,7001,3
DG Team,6875,30
DG Team,6681,2
DG Team,6677,5
DG Team,6669,7
DG Team,6638,2
DG Team,6592,1
DG Team,6397,25
DG Team,6372,15
DG Team,6252,3
DG Team,6204,4
DG Team,5841,18
DG Team,5585,34
DG Team,5007,4
DG Team,2788,15
DG Team,2764,35
DG Team,2296,15
DG Team,2194,27
DG Team,610,1
DG Team,254,32
$,$,$
HAPPY MILF FC,7599,3
HAPPY MILF FC,7436,12
HAPPY MILF FC,7410,5
HAPPY MILF FC,7294,6
HAPPY MILF FC,7181,17
HAPPY MILF FC,7071,16
HAPPY MILF FC,6908,17
HAPPY MILF FC,6884,12
HAPPY MILF FC,6662,1
HAPPY MILF FC,6638,2
HAPPY MILF FC,6572,13
HAPPY MILF FC,6549,6
HAPPY MILF FC,6372,15
HAPPY MILF FC,6204,11
HAPPY MILF FC,6010,7
HAPPY MILF FC,5877,7
HAPPY MILF FC,5585,34
HAPPY MILF FC,5457,2
HAPPY MILF FC,5116,17
HAPPY MILF FC,5022,14
HAPPY MILF FC,4994,8
HAPPY MILF FC,2848,12
HAPPY MILF FC,2814,2
HAPPY MILF FC,2764,36
HAPPY MILF FC,2137,19
$,$,$
MESSI MALE FC,7575,1
MESSI MALE FC,7561,6
MESSI MALE FC,7536,3
MESSI MALE FC,7294,6
MESSI MALE FC,7161,2
MESSI MALE FC,7078,14
MESSI MALE FC,6892,2
MESSI MALE FC,6884,12
MESSI MALE FC,6875,30
MESSI MALE FC,6592,1
MESSI MALE FC,6204,11
MESSI MALE FC,6039,1
MESSI MALE FC,5951,26
MESSI MALE FC,5641,9
MESSI MALE FC,5620,9
MESSI MALE FC,5585,34
MESSI MALE FC,4925,3
MESSI MALE FC,2848,7
MESSI MALE FC,2845,1
MESSI MALE FC,2816,12
MESSI MALE FC,2764,35
MESSI MALE FC,2423,25
MESSI MALE FC,2170,5
MESSI MALE FC,572,11
MESSI MALE FC,254,32
